Workbook

Sheet Baseline_2025
A1: BEV wiring 2025 baseline, rebuilt from bev_wiring_harness_report.pdf
A2: Length per category = report Table 9.1 (sums exactly to the report totals for AB and CD). Cu-per-metre = gauge (report Appendix A) x copper density. The report's OWN per-category kg column is reproduced in grey for reference ONLY - it is 13-28% short of its own totals. Do not use it.
A4: Cu density (g/cm3) | B4: 8.96 | C4: Editable. 1 mm2 x 1 m = 1 cm3, so Cu(g/m) = gauge(mm2) x density.
A6: Code | B6: Full Name | C6: Functional Group | D6: Voltage Class | E6: Gauge_Min_mm2 | F6: Gauge_Max_mm2 | G6: Cu_per_m_Min_g | H6: Cu_per_m_Mode_g | I6: Cu_per_m_Max_g | J6: AB_Length_m | K6: CD_Length_m | L6: EF_Length_m | M6: report_kg_AB | N6: report_kg_CD | O6: report_kg_EF | P6: SDV_Base_Length_Factor | Q6: SDV factor source
A7: HV_MAIN | B7: HV Main Battery Cable | C7: HV Power | D7: 400/800V DC | E7: 70 | F7: 95 | G7: =E7*$B$4 -> 627.2 | H7: =(E7+F7)/2*$B$4 -> 739.2 | I7: =F7*$B$4 -> 851.2 | J7: 8 | K7: 10 | L7: 12 | M7: 4.8 | N7: 6 | O7: 7.2 | P7: 1 | Q7: HV architecture-independent (report 6.2 / workbook methodology)
A8: HV_MOTOR | B8: Motor Inverter Cable | C8: HV Power | D8: 400/800V DC | E8: 35 | F8: 50 | G8: =E8*$B$4 -> 313.6 | H8: =(E8+F8)/2*$B$4 -> 380.8 | I8: =F8*$B$4 -> 448 | J8: 6 | K8: 9 | L8: 15 | M8: 1.7 | N8: 2.5 | O8: 4.2 | P8: 1 | Q8: HV architecture-independent
A9: HV_CHARGE | B9: DC Fast Charge Cable | C9: HV Power | D9: 400/800V DC | E9: 6 | F9: 16 | G9: =E9*$B$4 -> 53.76 | H9: =(E9+F9)/2*$B$4 -> 98.56 | I9: =F9*$B$4 -> 143.36 | J9: 18 | K9: 28 | L9: 38 | M9: 0.4 | N9: 0.6 | O9: 4.5 | P9: 1 | Q9: HV architecture-independent
A10: HV_HVAC | B10: HV HVAC Cable | C10: HV Power | D10: 400/800V DC | E10: 10 | F10: 16 | G10: =E10*$B$4 -> 89.6 | H10: =(E10+F10)/2*$B$4 -> 116.48 | I10: =F10*$B$4 -> 143.36 | J10: 10 | K10: 21 | L10: 24 | M10: 0.3 | N10: 0.7 | O10: 1.3 | P10: 1 | Q10: HV architecture-independent
A11: LV_MAIN | B11: Main 12V Battery Feed | C11: LV Power | D11: 12V DC | E11: 10 | F11: 16 | G11: =E11*$B$4 -> 89.6 | H11: =(E11+F11)/2*$B$4 -> 116.48 | I11: =F11*$B$4 -> 143.36 | J11: 5 | K11: 6 | L11: 8 | M11: 0.5 | N11: 0.7 | O11: 1 | P11: 0.85 | Q11: INFERRED - main feeds largely retained
A12: LV_DIST | B12: Primary Power Distribution | C12: LV Power | D12: 12V DC | E12: 2.5 | F12: 6 | G12: =E12*$B$4 -> 22.4 | H12: =(E12+F12)/2*$B$4 -> 38.08 | I12: =F12*$B$4 -> 53.76 | J12: 152 | K12: 270 | L12: 385 | M12: 5.5 | N12: 9.7 | O12: 13.9 | P12: 0.75 | Q12: REPORT 8.4: LV_DIST branch reduction 25% (6.2 range 20-30%)
A13: LV_GND | B13: Ground Return Straps | C13: LV Power | D13: 0V reference | E13: 6 | F13: 16 | G13: =E13*$B$4 -> 53.76 | H13: =(E13+F13)/2*$B$4 -> 98.56 | I13: =F13*$B$4 -> 143.36 | J13: 72 | K13: 128 | L13: 185 | M13: 4.8 | N13: 8.5 | O13: 12.3 | P13: 0.85 | Q13: INFERRED - ground returns largely retained
A14: LV_BODY | B14: Body Control Circuits | C14: LV Power | D14: 12V DC | E14: 0.5 | F14: 1.5 | G14: =E14*$B$4 -> 4.48 | H14: =(E14+F14)/2*$B$4 -> 8.96 | I14: =F14*$B$4 -> 13.44 | J14: 165 | K14: 296 | L14: 420 | M14: 1.5 | N14: 2.7 | O14: 3.8 | P14: 0.6 | Q14: REPORT 8.4: LV_BODY branch reduction 40% (6.2 range 35-45%)
A15: LV_LIGHT | B15: Lighting Circuits | C15: LV Power | D15: 12V DC | E15: 0.75 | F15: 1.5 | G15: =E15*$B$4 -> 6.72 | H15: =(E15+F15)/2*$B$4 -> 10.08 | I15: =F15*$B$4 -> 13.44 | J15: 118 | K15: 210 | L15: 298 | M15: 0.8 | N15: 1.4 | O15: 2 | P15: 0.8 | Q15: INFERRED - partial zonal routing benefit
A16: LV_FUSE | B16: Fuse Box Interconnects | C16: LV Power | D16: 12V DC | E16: 2.5 | F16: 6 | G16: =E16*$B$4 -> 22.4 | H16: =(E16+F16)/2*$B$4 -> 38.08 | I16: =F16*$B$4 -> 53.76 | J16: 85 | K16: 152 | L16: 218 | M16: 2.3 | N16: 4.1 | O16: 5.9 | P16: 0.65 | Q16: INFERRED - report 6.2 'eliminates many LV_FUSE branch runs', no number given
A17: LV_DOOR | B17: Door Module Harness | C17: LV Power | D17: 12V DC | E17: 0.35 | F17: 1 | G17: =E17*$B$4 -> 3.136 | H17: =(E17+F17)/2*$B$4 -> 6.048 | I17: =F17*$B$4 -> 8.96 | J17: 105 | K17: 185 | L17: 260 | M17: 0.6 | N17: 1.1 | O17: 1.5 | P17: 0.8 | Q17: INFERRED
A18: LV_MISC | B18: Miscellaneous LV Circuits | C18: LV Power | D18: 12V DC | E18: 0.35 | F18: 1 | G18: =E18*$B$4 -> 3.136 | H18: =(E18+F18)/2*$B$4 -> 6.048 | I18: =F18*$B$4 -> 8.96 | J18: 24 | K18: 57 | L18: 76 | M18: 0.5 | N18: 1.2 | O18: 1.6 | P18: 0.8 | Q18: INFERRED
... A34: SAFETY | B34: Safety / Airbag Circuits | C34: Specialized | D34: 12V DC / Signal | E34: 0.35 | F34: 0.75 | G34: =E34*$B$4 -> 3.136 | H34: =(E34+F34)/2*$B$4 -> 4.928 | I34: =F34*$B$4 -> 6.72 | J34: 20 | K34: 15 | L34: 23 | M34: 0.2 | N34: 0 | O34: 0 | P34: 1 | Q34: Safety circuits retained (report 8.5)
A35: TOTAL | J35: =SUM(J7:J34) -> 1392 | K35: =SUM(K7:K34) -> 2486 | L35: =SUM(L7:L34) -> 3646 | M35: =SUM(M7:M34) -> 26.4 | N35: =SUM(N7:N34) -> 43.3 | O35: =SUM(O7:O34) -> 65.1

Sheet Checks
A1: Consistency checks against the report's own stated totals
A2: Route A = report's per-category kg column, summed. Route B = length x mode gauge x density (LENGTH-FIRST). Route C = total length x report Table 1.1 copper density.
A4: Segment | B4: Sum length (m) | C4: Report total (m) | D4: Length diff | E4: Route A kg | F4: Route B kg | G4: Route C kg | H4: Report total kg | I4: B vs report
A5: AB | B5: =Baseline_2025!J35 -> 1392 | C5: 1392 | D5: =B5-C5 -> 0 | E5: =Baseline_2025!M35 -> 26.4 | F5: =SUMPRODUCT(Baseline_2025!J7:J34,Baseline_2025!$H$7:$H$34)/1000 -> 33.528768 | G5: =B5*24.4/1000 -> 33.9648 | H5: 33.9 | I5: =F5/H5-1 -> -0.010950796
A6: CD | B6: =Baseline_2025!K35 -> 2486 | C6: 2486 | D6: =B6-C6 -> 0 | E6: =Baseline_2025!N35 -> 43.3 | F6: =SUMPRODUCT(Baseline_2025!K7:K34,Baseline_2025!$H$7:$H$34)/1000 -> 55.905606 | G6: =B6*24.3/1000 -> 60.4098 | H6: 60.3 | I6: =F6/H6-1 -> -0.072875516
A7: EF | B7: =Baseline_2025!L35 -> 3646 | C7: 3546 | D7: =B7-C7 -> 100 | E7: =Baseline_2025!O35 -> 65.1 | F7: =SUMPRODUCT(Baseline_2025!L7:L34,Baseline_2025!$H$7:$H$34)/1000 -> 78.733894 | G7: =B7*21/1000 -> 76.566 | H7: 74.6 | I7: =F7/H7-1 -> 0.055414134
A9: READ THIS
A10: Route A (the report's own per-category kg column) is 13-28% SHORT of the report's own stated totals. It is not usable.
A11: Route B (length-first, gauge-based) lands within about 1-7% of the stated totals.
A12: Route C reproduces the totals by construction - it is the same arithmetic the report used to make them.
A14: EF length sums to 3,646 m against a stated 3,546 m. A 100 m discrepancy sits somewhere in the EF column (unresolved).

Sheet Mapping
A1: Report category codes vs 15_ workbook wire types - NOT 1:1
A2: Both taxonomies have 28 entries, but they do not correspond. Adopting the report changes output category naming.
A4: Report code | B4: Workbook wire type(s) | C4: Relation
A5: HV_MAIN | B5: HV_Battery_Main | C5: 1:1
A6: HV_MOTOR | B6: HV_Inverter_Motor_Front + _Rear + HV_Battery_to_Rear_Inv | C6: 1:3
A7: HV_CHARGE | B7: HV_Charger_AC + HV_Charger_DC | C7: 1:2
A8: HV_HVAC | B8: HV_HVAC_Compressor + HV_PTC_Heater | C8: 1:2
A9: LV_MAIN | B9: LV_Main_Feed | C9: 1:1
A10: LV_DIST | B10: LV_Power_Distribution | C10: 1:1
A11: LV_GND | B11: LV_Ground_Network | C11: 1:1
A12: LV_BODY | B12: LV_Power_Light_Duty (shared) | C12: 5:1 with LIGHT/FUSE/DOOR/MISC
A13: LV_LIGHT | B13: LV_Power_Light_Duty (shared) | C13: 5:1
A14: LV_FUSE | B14: LV_Power_Light_Duty (shared) | C14: 5:1
A15: LV_DOOR | B15: LV_Power_Light_Duty (shared) | C15: 5:1
... A33: -- | B33: HV_DCDC / HV_Interlock / Signal_FlexRay / Sensor_TPMS_Receiver | C33: workbook only, no report equivalent

Sheet Notes
A1: Sources and open questions
A3: Source | B3: bev_wiring_harness_report.pdf, VehicleComposition/Reasearch/BEV_Wiring/
A4: Length | B4: Table 9.1 Master Wire Category Reference (2025 baseline), per category per segment.
A5: Gauge | B5: Appendix A Table A.1 Complete Wire Category Code Reference, 'Typical Gauge (mm2)'.
A6: Cu density | B6: Table 1.1 gives fleet averages 24.4 / 24.3 / 21.0 g/m for AB / CD / EF. Used only in the Checks sheet.
A7: Identity | B7: 1 mm2 cross-section x 1 m length = 1 cm3, so Cu (g/m) = gauge (mm2) x density (g/cm3). No fill factor applied.
A9: NOT USED | B9: The report's per-category kg column (grey on Baseline_2025). It sums 13-28% short of the report's own totals.
B10: Kept visible only so the discrepancy stays auditable.
A12: Supersedes | B12: 15_BEV_wiring_harness_data.xlsx 2020 and 2030 columns are not used at all. This file is a 2025 baseline only;
B13: time evolution comes from rates plus 16_BEV_wiring_transition_parameters.xlsx.
A15: OPEN 1 | B15: EF length column sums to 3,646 m vs stated 3,546 m. 100 m unaccounted. Options: scale EF by 0.9726 to match
B16: the stated total, or find the offending row. Currently NOT adjusted - the raw report figures are stored.
A17: OPEN 2 | B17: Report and workbook taxonomies are not 1:1 (see Mapping). Adopting report codes changes output naming.
A18: OPEN 3 | B18: HV_CHARGE gauge is given as '35-50 (DC) / 6-16 (AC)'. The AC range 6-16 is stored, since AB/CD lengths imply
B19: mostly AC charging. EF report kg (4.5) implies DC-dominant - may need splitting into two categories.

Sheet SDV_Depth
A1: SDV reduction depth per segment - the single biggest lever in the model
A2: The report contradicts itself. Its per-category mechanisms (6.2 / 8.4) imply only -12/-11/-8% total length at full SDV; its stated segment totals (6.3 / 7.1) claim -44/-40/-23%. Depth spans the two readings:
A3: depth = 1.0 -> mechanism-consistent (honours LV_BODY -40%, CAN -55% etc. exactly as section 6.2 states)
A4: depth = max -> total-consistent (reproduces 780 / 1492 / 2730 m, but forces CAN and LIN to zero)
A5: Applied only to shrinking categories (factor < 1): factor(depth) = MAX(0, 1-(1-base)*depth). Growth categories are unaffected.
A7: Segment | B7: Depth_Min | C7: Depth_Mode | D7: Depth_Max | E7: Full-SDV length at Min (m) | F7: at Mode | G7: at Max | H7: Report total (m)
A8: AB | B8: 1 | C8: 1.71 | D8: 2.43 | E8: 1223 | F8: 973 | G8: 780 | H8: 780
A9: CD | B9: 1 | C9: 1.65 | D9: 2.31 | E9: 2216 | F9: 1816 | G9: 1492 | H9: 1492
A10: EF | B10: 1 | C10: 1.3 | D10: 1.61 | E10: 3256 | F10: 2993 | G10: 2730 | H10: 2730
A12: Columns E-H are indicative values computed at the time of writing, for orientation only. The model recomputes them.
